Date,Open,High,Low,Close,Volume,Dividends,Stock Splits,Capital Gains,Ticker
2022-01-03 00:00:00-05:00,451.87266685894554,453.34319158205653,449.54833390042785,453.2103576660156,72668200,0.0,0.0,0.0,SPY
2022-01-04 00:00:00-05:00,454.64299031389396,455.3640226406569,451.1896554356825,453.0586242675781,71178700,0.0,0.0,0.0,SPY
2022-01-05 00:00:00-05:00,452.6886296711721,453.46658253619006,444.2640399926116,444.3589172363281,104538900,0.0,0.0,0.0,SPY
2022-01-06 00:00:00-05:00,443.89404314094736,446.6737696888694,441.5601846155021,443.94146728515625,86858900,0.0,0.0,0.0,SPY
2022-01-07 00:00:00-05:00,443.95096436729705,445.1368574990053,440.82018912810577,442.18634033203125,85111600,0.0,0.0,0.0,SPY
2022-01-10 00:00:00-05:00,438.97025322912015,441.85432474255884,433.18308842835216,441.6361389160156,119362000,0.0,0.0,0.0,SPY
2022-01-11 00:00:00-05:00,441.37042108781833,445.7534770862342,438.3534872211781,445.6585998535156,74303100,0.0,0.0,0.0,SPY
2022-01-12 00:00:00-05:00,447.40426908846183,448.93171449389314,444.8901814454831,446.8634948730469,67605400,0.0,0.0,0.0,SPY
2022-01-13 00:00:00-05:00,447.9734856231748,448.6281009203371,439.6722340529678,440.7063293457031,91173100,0.0,0.0,0.0,SPY
2022-01-14 00:00:00-05:00,437.5376659911058,441.2376469486595,436.31381611390606,440.8866271972656,95890900,0.0,0.0,0.0,SPY
2022-01-18 00:00:00-05:00,436.1619964519161,436.37071480072626,431.95919815118293,433.07867431640625,109709100,0.0,0.0,0.0,SPY
2022-01-19 00:00:00-05:00,434.63459041749303,436.038669386356,428.3066517901506,428.581787109375,109357600,0.0,0.0,0.0,SPY
2022-01-20 00:00:00-05:00,430.4792281856868,435.2133045377482,421.70361857528985,423.8382263183594,122379700,0.0,0.0,0.0,SPY
2022-01-21 00:00:00-05:00,422.70921781191396,425.08100399182297,415.4895145774554,415.5179748535156,202271200,0.0,0.0,0.0,SPY
2022-01-24 00:00:00-05:00,409.873194608378,417.7949678331947,399.181190781591,417.28265380859375,251783900,0.0,0.0,0.0,SPY
2022-01-25 00:00:00-05:00,410.8502669489062,417.1687084994632,405.243361217748,412.1879577636719,167997300,0.0,0.0,0.0,SPY
2022-01-26 00:00:00-05:00,418.11749222985185,421.26723159439666,406.86572221878754,411.1539306640625,186391100,0.0,0.0,0.0,SPY
2022-01-27 00:00:00-05:00,415.7836519614338,418.9428587043433,407.4254790114483,409.1236572265625,149878300,0.0,0.0,0.0,SPY
2022-01-28 00:00:00-05:00,410.4897911886302,419.3318174555156,405.8790525228431,419.2843933105469,164457400,0.0,0.0,0.0,SPY
2022-01-31 00:00:00-05:00,418.61078353495793,427.1871708613704,417.2541287264487,426.8361511230469,152251400,0.0,0.0,0.0,SPY
2022-02-01 00:00:00-05:00,427.5666752763449,430.3653948376376,424.0184920508514,429.72027587890625,123155400,0.0,0.0,0.0,SPY
2022-02-02 00:00:00-05:00,432.13943423540405,434.6250614750109,429.815072239759,433.8945617675781,117361000,0.0,0.0,0.0,SPY
2022-02-03 00:00:00-05:00,427.8227444806359,429.7391370302675,422.85146163652576,423.6958312988281,118024400,0.0,0.0,0.0,SPY
2022-02-04 00:00:00-05:00,423.45874742706604,429.5589750673006,421.0679682188153,425.688232421875,118454400,0.0,0.0,0.0,SPY
2022-02-07 00:00:00-05:00,426.4567209463517,427.86080006373743,422.9844219396875,424.3221130371094,84472900,0.0,0.0,0.0,SPY
2022-02-08 00:00:00-05:00,423.81921375669026,428.7430440345254,422.38664568225283,427.81329345703125,81012000,0.0,0.0,0.0,SPY
2022-02-09 00:00:00-05:00,431.8737742076106,434.3973580085875,431.67455228851054,434.0747985839844,92589900,0.0,0.0,0.0,SPY
2022-02-10 00:00:00-05:00,428.1927905344999,434.2360971482521,424.26512763702846,426.2763977050781,140103700,0.0,0.0,0.0,SPY
2022-02-11 00:00:00-05:00,426.3617950929856,428.4489496615166,416.4287529294626,417.87078857421875,153214600,0.0,0.0,0.0,SPY
2022-02-14 00:00:00-05:00,417.3584437426426,418.952276956094,413.0133156589304,416.50457763671875,123006300,0.0,0.0,0.0,SPY
2022-02-15 00:00:00-05:00,420.97304810262136,423.39225822420946,420.4512378149005,423.22149658203125,88482700,0.0,0.0,0.0,SPY
2022-02-16 00:00:00-05:00,421.16275126438507,425.08094613267144,419.27481898693986,423.6958312988281,84863600,0.0,0.0,0.0,SPY
2022-02-17 00:00:00-05:00,420.48919523037364,423.66739424351493,414.0379489265815,414.6451110839844,102259100,0.0,0.0,0.0,SPY
2022-02-18 00:00:00-05:00,414.9013190748919,416.1631256326664,409.6739216215225,411.9603271484375,132642900,0.0,0.0,0.0,SPY
2022-02-22 00:00:00-05:00,409.7402392464433,413.1650840251063,404.01946413480795,407.5392150878906,124391800,0.0,0.0,0.0,SPY
2022-02-23 00:00:00-05:00,410.47081315382513,411.0400476361501,399.7408546290032,400.3100891113281,132578000,0.0,0.0,0.0,SPY
2022-02-24 00:00:00-05:00,389.94065539045334,406.7708716902906,389.58016817092266,406.3344421386719,213942900,0.0,0.0,0.0,SPY
2022-02-25 00:00:00-05:00,407.57722420936005,415.38515500099464,405.91697382718445,415.2997741699219,121804500,0.0,0.0,0.0,SPY
2022-02-28 00:00:00-05:00,409.8730904864747,415.72667120798485,408.6113130445834,414.2371826171875,145615000,0.0,0.0,0.0,SPY
2022-03-01 00:00:00-05:00,412.7287768929972,414.7495434726037,405.205448672507,407.92828369140625,137785900,0.0,0.0,0.0,SPY
2022-03-02 00:00:00-05:00,410.1956944807002,417.1687520289045,409.4367344418012,415.4326171875,117726500,0.0,0.0,0.0,SPY
2022-03-03 00:00:00-05:00,417.88033179520266,418.487494099573,411.55239251094815,413.36444091796875,105501700,0.0,0.0,0.0,SPY
2022-03-04 00:00:00-05:00,409.60747810571974,411.1443909360492,405.935957688273,410.0059509277344,113978200,0.0,0.0,0.0,SPY
2022-03-07 00:00:00-05:00,409.4176951084335,410.129230921241,397.8528640480721,397.9192810058594,137896600,0.0,0.0,0.0,SPY
2022-03-08 00:00:00-05:00,398.09956797048136,405.3003074447001,393.8303527836148,394.90240478515625,164772700,0.0,0.0,0.0,SPY
2022-03-09 00:00:00-05:00,403.33651022134575,407.4823880957403,401.1354855574779,405.4900817871094,116990800,0.0,0.0,0.0,SPY
2022-03-10 00:00:00-05:00,400.8508418393446,404.5603190245784,398.8775284099526,403.6590576171875,93972700,0.0,0.0,0.0,SPY
2022-03-11 00:00:00-05:00,406.16369126732127,406.78034996887305,398.01423630057667,398.52655029296875,95636300,0.0,0.0,0.0,SPY
2022-03-14 00:00:00-04:00,399.30443519388706,402.77670457172576,394.46598575157685,395.6139221191406,95729200,0.0,0.0,0.0,SPY
2022-03-15 00:00:00-04:00,398.2418638792377,404.94928215145023,396.9611225027557,404.31365966796875,106219100,0.0,0.0,0.0,SPY
2022-03-16 00:00:00-04:00,407.8429064461944,413.33594277285255,403.01392397187186,413.2790222167969,144954800,0.0,0.0,0.0,SPY
2022-03-17 00:00:00-04:00,411.3530688314747,418.449462890625,410.97358886601785,418.449462890625,102676900,0.0,0.0,0.0,SPY
2022-03-18 00:00:00-04:00,416.8278599709145,423.3562458465392,416.0855649436217,423.0326843261719,106345500,1.366,0.0,0.0,SPY
2022-03-21 00:00:00-04:00,422.86136555296457,424.87888375435966,419.3782801696008,422.9089660644531,88349800,0.0,0.0,0.0,SPY
2022-03-22 00:00:00-04:00,424.3078659143693,428.79971023964686,424.3078659143693,427.8575744628906,74650400,0.0,0.0,0.0,SPY
2022-03-23 00:00:00-04:00,425.30721775273884,426.8108307567678,422.26188809487724,422.3475341796875,79426100,0.0,0.0,0.0,SPY
2022-03-24 00:00:00-04:00,424.38400137336384,428.7235762031035,423.26104758900334,428.71405029296875,64736900,0.0,0.0,0.0,SPY
2022-03-25 00:00:00-04:00,429.3517588407497,431.0837903582013,426.75371156457226,430.80780029296875,77101300,0.0,0.0,0.0,SPY
2022-03-28 00:00:00-04:00,430.20822763767796,433.87213134765625,428.3049040524854,433.87213134765625,68529800,0.0,0.0,0.0,SPY
2022-03-29 00:00:00-04:00,437.7834605284014,439.7343846872886,435.0807444413124,439.239501953125,86581500,0.0,0.0,0.0,SPY
2022-03-30 00:00:00-04:00,438.087962350393,438.90640654967626,434.4050360596472,436.5272521972656,79666900,0.0,0.0,0.0,SPY
2022-03-31 00:00:00-04:00,435.75638779554225,436.5843288240368,429.3516941280503,429.8085021972656,121699900,0.0,0.0,0.0,SPY
2022-04-01 00:00:00-04:00,431.3977442730437,431.54048771339706,427.4293314191754,431.026611328125,89048800,0.0,0.0,0.0,SPY
2022-04-04 00:00:00-04:00,431.2264729825929,434.82375306537233,430.3985319461262,434.71905517578125,59601000,0.0,0.0,0.0,SPY
2022-04-05 00:00:00-04:00,433.21546187171003,435.6992850924023,428.0764942435374,429.2279968261719,74214500,0.0,0.0,0.0,SPY
2022-04-06 00:00:00-04:00,425.2881438904857,427.22951299784626,422.03344784652523,424.9360046386719,106898000,0.0,0.0,0.0,SPY
2022-04-07 00:00:00-04:00,424.0509322452038,428.90441271026367,422.09051147201814,427.07720947265625,78097200,0.0,0.0,0.0,SPY
2022-04-08 00:00:00-04:00,426.31596166728593,428.8473856826453,424.3840892664084,425.935302734375,79272700,0.0,0.0,0.0,SPY
2022-04-11 00:00:00-04:00,422.6425267311873,423.4895197109682,418.1507107174429,418.65509033203125,89770500,0.0,0.0,0.0,SPY
2022-04-12 00:00:00-04:00,421.6622903518392,424.2032400930323,415.54311205270096,417.1038513183594,84363600,0.0,0.0,0.0,SPY
2022-04-13 00:00:00-04:00,416.85642186848395,422.6425129001169,416.6756038010192,421.8811950683594,74070400,0.0,0.0,0.0,SPY
2022-04-14 00:00:00-04:00,422.1096042954213,423.23258735689495,416.52335385167515,416.6280517578125,97869500,0.0,0.0,0.0,SPY
2022-04-18 00:00:00-04:00,415.6953852419046,418.49327323513575,414.55337947398505,416.79931640625,66002500,0.0,0.0,0.0,SPY
2022-04-19 00:00:00-04:00,416.69460387093864,424.2508005610737,416.5233117244911,423.5275573730469,77821000,0.0,0.0,0.0,SPY
2022-04-20 00:00:00-04:00,425.31672508479323,425.9352994763438,422.0430060104534,423.2135314941406,65224400,0.0,0.0,0.0,SPY
2022-04-21 00:00:00-04:00,426.85837444173967,428.2573183922075,415.971361571718,416.88494873046875,85417300,0.0,0.0,0.0,SPY
2022-04-22 00:00:00-04:00,415.7905738552038,416.90400193315384,404.8750114975053,405.4460144042969,132471800,0.0,0.0,0.0,SPY
2022-04-25 00:00:00-04:00,403.1906211382478,407.9679535535257,398.59407776996284,407.7966613769531,119647700,0.0,0.0,0.0,SPY
2022-04-26 00:00:00-04:00,405.2461626691722,405.446032573075,395.9579625359706,395.98651123046875,103996300,0.0,0.0,0.0,SPY
2022-04-27 00:00:00-04:00,397.0713963734507,402.47685796296395,394.94920895293353,397.0999450683594,122030000,0.0,0.0,0.0,SPY
2022-04-28 00:00:00-04:00,401.8772995746421,408.8720201338991,397.4140030769455,407.1304626464844,105449100,0.0,0.0,0.0,SPY
2022-04-29 00:00:00-04:00,403.11444375046204,405.2842316293402,391.33286527809867,392.0846862792969,145491100,0.0,0.0,0.0,SPY
2022-05-02 00:00:00-04:00,392.15125493572873,395.8151583942883,385.44202233286774,394.44476318359375,158312500,0.0,0.0,0.0,SPY
2022-05-03 00:00:00-04:00,394.9490664669376,398.67956345376183,393.3788016862166,396.2528381347656,100028200,0.0,0.0,0.0,SPY
2022-05-04 00:00:00-04:00,396.9191182335441,408.8910407697949,393.7120223923879,408.3200378417969,144247900,0.0,0.0,0.0,SPY
2022-05-05 00:00:00-04:00,404.027997662131,404.45625708071094,389.6484020860431,393.8071594238281,172929100,0.0,0.0,0.0,SPY
2022-05-06 00:00:00-04:00,391.22818394080616,394.7493152847315,386.1177645628525,391.4565734863281,151770800,0.0,0.0,0.0,SPY
2022-05-09 00:00:00-04:00,385.518165433874,386.76483995350577,377.3338689001923,378.92315673828125,155586100,0.0,0.0,0.0,SPY
2022-05-10 00:00:00-04:00,384.93764305975515,386.4507817221646,375.73509041387433,379.7986755371094,132497200,0.0,0.0,0.0,SPY
2022-05-11 00:00:00-04:00,378.82801491865814,384.5094369547044,373.01334629193383,373.7651672363281,142361000,0.0,0.0,0.0,SPY
2022-05-12 00:00:00-04:00,370.5485631948546,376.66774180965024,366.53254909869537,373.375,125090800,0.0,0.0,0.0,SPY
2022-05-13 00:00:00-04:00,377.5337699916877,383.69102341437963,376.486936132649,382.3016052246094,104174400,0.0,0.0,0.0,SPY
2022-05-16 00:00:00-04:00,380.64572786244787,384.44284945655585,378.38076794932533,380.7503967285156,78622400,0.0,0.0,0.0,SPY
2022-05-17 00:00:00-04:00,386.8790976923247,388.8204960331947,383.1200217001012,388.58258056640625,83029700,0.0,0.0,0.0,SPY
2022-05-18 00:00:00-04:00,383.9956026135496,384.28108958588604,371.67156855830353,372.9182434082031,117674500,0.0,0.0,0.0,SPY
2022-05-19 00:00:00-04:00,369.8347933871943,375.0879849586097,368.39777481712775,370.6341857910156,98510700,0.0,0.0,0.0,SPY
2022-05-20 00:00:00-04:00,374.24103184392493,377.8383125649239,362.1454175607058,370.7960205078125,131432200,0.0,0.0,0.0,SPY
2022-05-23 00:00:00-04:00,373.8412595625746,378.5044252104534,371.50970578104597,377.73358154296875,76414900,0.0,0.0,0.0,SPY
2022-05-24 00:00:00-04:00,373.58434072550426,376.0491412155947,368.2550290247408,374.8500671386719,91448800,0.0,0.0,0.0,SPY
2022-05-25 00:00:00-04:00,373.3464585898072,380.1413381489888,372.9467768759817,378.161865234375,91472900,0.0,0.0,0.0,SPY
2022-05-26 00:00:00-04:00,379.39902874318574,387.36443349169656,379.1896619820907,385.7180480957031,82168300,0.0,0.0,0.0,SPY
2022-05-27 00:00:00-04:00,388.19241294652375,395.30132857140325,387.99257207742744,395.1871337890625,84768700,0.0,0.0,0.0,SPY
2022-05-31 00:00:00-04:00,393.5596911446426,396.3290302240646,390.2098523586559,392.96966552734375,95937000,0.0,0.0,0.0,SPY
2022-06-01 00:00:00-04:00,395.10148845881554,396.1197446315815,387.2597745615403,389.79119873046875,86585800,0.0,0.0,0.0,SPY
2022-06-02 00:00:00-04:00,389.6293959622701,397.26171331984006,387.36443617900545,397.2141418457031,79609600,0.0,0.0,0.0,SPY
2022-06-03 00:00:00-04:00,392.46532850855317,394.0260678327138,389.7150409525671,390.69525146484375,71874300,0.0,0.0,0.0,SPY
2022-06-06 00:00:00-04:00,394.7302554523043,396.4717836582703,390.7047158358489,391.8847961425781,57508900,0.0,0.0,0.0,SPY
2022-06-07 00:00:00-04:00,388.3731489957817,396.1006374209903,387.9068150098394,395.6438293457031,59272400,0.0,0.0,0.0,SPY
2022-06-08 00:00:00-04:00,393.9213414033141,395.7199960520667,390.54295380609796,391.34234619140625,64350000,0.0,0.0,0.0,SPY
2022-06-09 00:00:00-04:00,389.5532794670752,391.83726222331853,382.03515625,382.03515625,86289800,0.0,0.0,0.0,SPY
2022-06-10 00:00:00-04:00,375.7922219532442,376.64871177780395,370.9101921981159,370.957763671875,132893900,0.0,0.0,0.0,SPY
2022-06-13 00:00:00-04:00,361.4886725809425,363.35392122641207,355.2552715373337,356.87310791015625,170004900,0.0,0.0,0.0,SPY
2022-06-14 00:00:00-04:00,358.63378389156094,359.6710918516364,352.67637125235956,355.7978210449219,104011800,0.0,0.0,0.0,SPY
2022-06-15 00:00:00-04:00,359.11909489488215,365.3429714065082,354.1323961900005,360.87017822265625,125666800,0.0,0.0,0.0,SPY
2022-06-16 00:00:00-04:00,352.6002796069905,353.0094872767248,346.4810711750992,348.9268493652344,134473300,0.0,0.0,0.0,SPY
2022-06-17 00:00:00-04:00,349.3444884854048,353.0433241630427,346.1522111714354,349.6789855957031,111113900,1.577,0.0,0.0,SPY
2022-06-21 00:00:00-04:00,355.4423088740755,359.8770788535029,355.36583072719554,358.4816589355469,76811900,0.0,0.0,0.0,SPY
2022-06-22 00:00:00-04:00,354.2284748308788,361.9702395655686,353.80793250775906,357.8317565917969,90059400,0.0,0.0,0.0,SPY
2022-06-23 00:00:00-04:00,359.9822052314734,362.0753203861936,356.3980579897682,361.3393859863281,79292100,0.0,0.0,0.0,SPY
2022-06-24 00:00:00-04:00,364.5317193914882,372.8373868853944,364.50304737583076,372.82781982421875,98050300,0.0,0.0,0.0,SPY
2022-06-27 00:00:00-04:00,373.7549097606314,374.0511969698246,370.3045842487309,371.4037170410156,66009600,0.0,0.0,0.0,SPY
2022-06-28 00:00:00-04:00,372.97113679991344,375.771543402008,363.7001312955309,363.8148193359375,86548900,0.0,0.0,0.0,SPY
2022-06-29 00:00:00-04:00,364.3692980866065,365.3632808605973,361.6835786821953,363.5186462402344,65676000,0.0,0.0,0.0,SPY
2022-06-30 00:00:00-04:00,359.599937269216,363.8244657419928,356.08270047963987,360.5652770996094,112508300,0.0,0.0,0.0,SPY
2022-07-01 00:00:00-04:00,359.9057748290088,364.81846063385325,357.26783277548964,364.3787841796875,74839700,0.0,0.0,0.0,SPY
2022-07-05 00:00:00-04:00,359.2558700143146,365.0860896890599,356.40765668655513,365.06695556640625,81438000,0.0,0.0,0.0,SPY
2022-07-06 00:00:00-04:00,365.21021005458795,368.80392393005184,362.8112409526199,366.2998046875,70426200,0.0,0.0,0.0,SPY
2022-07-07 00:00:00-04:00,368.08717508488957,372.588856304651,366.31898976819195,371.7860107421875,64525900,0.0,0.0,0.0,SPY
2022-07-08 00:00:00-04:00,370.14214977137595,373.3631288521814,368.60336944748485,371.4802551269531,72397800,0.0,0.0,0.0,SPY
2022-07-11 00:00:00-04:00,368.7848887992246,369.75976641755614,366.5388172018329,367.2365417480469,58366900,0.0,0.0,0.0,SPY
2022-07-12 00:00:00-04:00,366.68219399883327,369.0811928323018,362.22828967445076,363.9869079589844,62219200,0.0,0.0,0.0,SPY
2022-07-13 00:00:00-04:00,358.5103345071684,365.0287111197037,358.08979219875533,362.0753479003906,84224600,0.0,0.0,0.0,SPY
2022-07-14 00:00:00-04:00,357.0862050345725,362.28561057335287,354.62989149668186,361.196044921875,89704800,0.0,0.0,0.0,SPY
2022-07-15 00:00:00-04:00,365.63083084874444,368.21142877858375,363.7097475762236,368.09674072265625,79060400,0.0,0.0,0.0,SPY
2022-07-18 00:00:00-04:00,371.2029841475732,371.88157455781794,363.82441816909915,365.057373046875,63203600,0.0,0.0,0.0,SPY
2022-07-19 00:00:00-04:00,369.00466384994536,375.4943678175147,368.34520760597235,374.9208984375,78506000,0.0,0.0,0.0,SPY
2022-07-20 00:00:00-04:00,375.1121286509885,378.73451550468235,373.7358135711647,377.3103942871094,71843800,0.0,0.0,0.0,SPY
2022-07-21 00:00:00-04:00,376.727446290305,381.20045642076917,374.30934204231755,381.1526794433594,64903900,0.0,0.0,0.0,SPY
2022-07-22 00:00:00-04:00,381.2768981298963,382.4811520234914,375.3797671212699,377.61627197265625,72197300,0.0,0.0,0.0,SPY
2022-07-25 00:00:00-04:00,378.24701376049046,378.9351712125053,375.81934314256796,378.0749816894531,53631500,0.0,0.0,0.0,SPY
2022-07-26 00:00:00-04:00,376.4214093538237,376.63168045459224,372.70346977806304,373.6018981933594,52946400,0.0,0.0,0.0,SPY
2022-07-27 00:00:00-04:00,376.9184866263418,385.0616882366238,376.6221994395501,383.3030700683594,82342100,0.0,0.0,0.0,SPY
2022-07-28 00:00:00-04:00,384.11556375286546,388.80838276722403,380.5409534684059,388.1106872558594,73966600,0.0,0.0,0.0,SPY
2022-07-29 00:00:00-04:00,389.5538375765942,394.76281063717863,388.77966399650376,393.768798828125,87003700,0.0,0.0,0.0,SPY
2022-08-01 00:00:00-04:00,391.05443593143053,395.12603739986497,390.3376063302482,392.602783203125,69997500,0.0,0.0,0.0,SPY
2022-08-02 00:00:00-04:00,391.0256592897774,394.73406143451916,388.8273941014763,390.0125427246094,63435400,0.0,0.0,0.0,SPY
2022-08-03 00:00:00-04:00,392.15354541069905,397.29560744309265,391.86682525448987,396.1200256347656,67820600,0.0,0.0,0.0,SPY
2022-08-04 00:00:00-04:00,396.0435540435376,396.73171159771164,394.19891961633147,395.8524169921875,45656600,0.0,0.0,0.0,SPY
2022-08-05 00:00:00-04:00,391.5418578620573,395.8332680618183,391.48451383201046,395.183349609375,56814900,0.0,0.0,0.0,SPY
2022-08-08 00:00:00-04:00,396.88457323790334,399.149749639254,393.61581810308274,394.7245178222656,53886100,0.0,0.0,0.0,SPY
2022-08-09 00:00:00-04:00,393.98859148906286,394.495149812113,392.07704624466743,393.1570739746094,44931800,0.0,0.0,0.0,SPY
2022-08-10 00:00:00-04:00,400.25853162505905,401.55839779907825,398.2896419924181,401.4150085449219,68665700,0.0,0.0,0.0,SPY
2022-08-11 00:00:00-04:00,404.2823269421121,406.15566262914354,400.66950692836724,401.4150085449219,59489700,0.0,0.0,0.0,SPY
2022-08-12 00:00:00-04:00,403.36473585157864,408.31563124627377,402.4089631884545,408.21051025390625,61694500,0.0,0.0,0.0,SPY
2022-08-15 00:00:00-04:00,405.9835628009623,410.4183621680162,405.92621877189424,409.8926696777344,54048300,0.0,0.0,0.0,SPY
2022-08-16 00:00:00-04:00,408.8126528048821,412.635743467725,408.00024020545453,410.6955261230469,59289000,0.0,0.0,0.0,SPY
2022-08-17 00:00:00-04:00,407.0731940094458,410.50441483821675,405.76378994911454,407.78045654296875,63563400,0.0,0.0,0.0,SPY
2022-08-18 00:00:00-04:00,407.98113277820636,409.65373505263557,406.68129586836983,408.9656066894531,49023200,0.0,0.0,0.0,SPY
2022-08-19 00:00:00-04:00,406.1842699673582,406.4518851417672,402.5905554814087,403.4698791503906,68016900,0.0,0.0,0.0,SPY
2022-08-22 00:00:00-04:00,398.6050061579676,398.7770674172841,394.16066878836006,395.06866455078125,77695600,0.0,0.0,0.0,SPY
2022-08-23 00:00:00-04:00,394.638456172284,397.0470215199159,393.5584285893045,394.11279296875,49105200,0.0,0.0,0.0,SPY
2022-08-24 00:00:00-04:00,393.8835098518886,396.75082821727017,393.19538144535295,395.3745422363281,49177800,0.0,0.0,0.0,SPY
2022-08-25 00:00:00-04:00,396.8750392546362,401.00398424235743,395.7759065035921,400.9562072753906,50942300,0.0,0.0,0.0,SPY
2022-08-26 00:00:00-04:00,400.8415433362592,401.3863116303522,387.3269027952147,387.3842468261719,103087000,0.0,0.0,0.0,SPY
2022-08-29 00:00:00-04:00,384.4118091443674,387.89080676379103,383.45603640076416,384.8227844238281,65370800,0.0,0.0,0.0,SPY
2022-08-30 00:00:00-04:00,385.9888080755094,386.227751248867,378.4859865985058,380.5982360839844,85652400,0.0,0.0,0.0,SPY
2022-08-31 00:00:00-04:00,382.24216021191813,383.4942200869952,377.5684469825705,377.7022399902344,76029700,0.0,0.0,0.0,SPY
2022-09-01 00:00:00-04:00,375.51357448849853,379.23151536564103,372.78961628303784,378.887451171875,78740100,0.0,0.0,0.0,SPY
2022-09-02 00:00:00-04:00,382.5767247352592,383.8001127190254,373.0667739686691,374.8923034667969,99632100,0.0,0.0,0.0,SPY
2022-09-06 00:00:00-04:00,375.74296003915873,376.6891657636106,371.2412783839573,373.477783203125,76637400,0.0,0.0,0.0,SPY
2022-09-07 00:00:00-04:00,373.16235077454724,380.9614599772315,372.94254170772115,380.1872863769531,70964200,0.0,0.0,0.0,SPY
2022-09-08 00:00:00-04:00,377.90300550827914,383.13105450337366,376.6891554358631,382.67230224609375,80821700,0.0,0.0,0.0,SPY
2022-09-09 00:00:00-04:00,384.92785946531717,389.4869135753977,384.6602442957758,388.6171569824219,76706900,0.0,0.0,0.0,SPY
2022-09-12 00:00:00-04:00,390.7008005655626,393.52034196780124,390.3949462719757,392.7939453125,69256300,0.0,0.0,0.0,SPY
2022-09-13 00:00:00-04:00,384.05814113527435,385.27199116308867,374.5864591011495,375.7142639160156,122947100,0.0,0.0,0.0,SPY
2022-09-14 00:00:00-04:00,377.0236330739944,378.6771302355147,373.82178890825554,377.14788818359375,85023700,0.0,0.0,0.0,SPY
2022-09-15 00:00:00-04:00,375.580449443351,378.447767676329,371.58532637235686,372.8660583496094,87633800,0.0,0.0,0.0,SPY
2022-09-16 00:00:00-04:00,368.65872841605665,370.683678921136,366.7105116443199,370.021484375,103084800,1.596,0.0,0.0,SPY
2022-09-19 00:00:00-04:00,366.8545062926547,372.8909912109375,366.777713980512,372.8909912109375,73278500,0.0,0.0,0.0,SPY
2022-09-20 00:00:00-04:00,369.5416573988176,370.5589358934029,365.8372336897968,368.6107482910156,77274900,0.0,0.0,0.0,SPY
2022-09-21 00:00:00-04:00,370.5492700763309,373.62031778951325,362.17111873810404,362.18072509765625,106746600,0.0,0.0,0.0,SPY
2022-09-22 00:00:00-04:00,361.4033638962312,363.05404701597377,358.38992487149005,359.13848876953125,89472600,0.0,0.0,0.0,SPY
2022-09-23 00:00:00-04:00,355.6451992816999,355.6835954375833,348.6490155096755,353.1212158203125,122346900,0.0,0.0,0.0,SPY
2022-09-26 00:00:00-04:00,351.6433033835929,355.29014775733197,348.39951617645954,349.6279296875,92581200,0.0,0.0,0.0,SPY
2022-09-27 00:00:00-04:00,353.18836963299145,355.4724576428084,346.32652853041117,348.7353820800781,108294100,0.0,0.0,0.0,SPY
2022-09-28 00:00:00-04:00,349.69511669129935,357.29591616121235,347.98685368977493,355.5972595214844,110802200,0.0,0.0,0.0,SPY
2022-09-29 00:00:00-04:00,352.0271686794942,352.31506664874274,345.20372321911407,348.169189453125,112952300,0.0,0.0,0.0,SPY
2022-09-30 00:00:00-04:00,347.2189902324546,351.1633672586334,342.6508441744176,342.7851867675781,153711200,0.0,0.0,0.0,SPY
2022-10-03 00:00:00-04:00,346.52807125106926,353.6970233157534,344.73343896651807,351.835205078125,89756500,0.0,0.0,0.0,SPY
2022-10-04 00:00:00-04:00,357.39183624328564,362.76615551587236,351.7968049852699,362.73736572265625,103602800,0.0,0.0,0.0,SPY
2022-10-05 00:00:00-04:00,358.3420146626313,364.1673651875912,356.00034681846444,361.89288330078125,88065700,0.0,0.0,0.0,SPY
2022-10-06 00:00:00-04:00,360.4820616483239,363.4571338112663,357.6605448092148,358.15960693359375,82333500,0.0,0.0,0.0,SPY
2022-10-07 00:00:00-04:00,354.10012192114687,358.24602840445226,346.3937405422584,348.169189453125,107789500,0.0,0.0,0.0,SPY
2022-10-10 00:00:00-04:00,349.2919577013395,349.53188239491976,343.2554734979914,345.5107421875,76042800,0.0,0.0,0.0,SPY
2022-10-11 00:00:00-04:00,343.8024812254494,348.3994465775248,341.37444448602633,343.3226318359375,92482800,0.0,0.0,0.0,SPY
2022-10-12 00:00:00-04:00,343.7353157711484,345.31881285846936,341.9406544986575,342.190185546875,76991800,0.0,0.0,0.0,SPY
2022-10-13 00:00:00-04:00,335.13635797286156,352.6988608722733,334.0806835984141,351.2209167480469,147254500,0.0,0.0,0.0,SPY
2022-10-14 00:00:00-04:00,353.69699701959405,355.338103128939,342.5740909391228,343.21710205078125,123737000,0.0,0.0,0.0,SPY
2022-10-17 00:00:00-04:00,349.339991708104,353.14999735716447,342.8812078310532,352.0367431640625,93168200,0.0,0.0,0.0,SPY
2022-10-18 00:00:00-04:00,360.0117991760082,360.3189098071012,352.7084764101762,356.1730041503906,97162900,0.0,0.0,0.0,SPY
2022-10-19 00:00:00-04:00,354.119260386603,356.8640142581937,350.8178940825872,353.6490173339844,79746900,0.0,0.0,0.0,SPY
2022-10-20 00:00:00-04:00,353.19790808168864,357.65092406607124,349.91572567184807,350.6835021972656,88283100,0.0,0.0,0.0,SPY
2022-10-21 00:00:00-04:00,350.4052371915977,359.6951149713161,348.8889259048477,359.2056884765625,131038400,0.0,0.0,0.0,SPY
2022-10-24 00:00:00-04:00,360.7412208592873,364.7431487300743,358.07322989518246,363.6011047363281,85436900,0.0,0.0,0.0,SPY
2022-10-25 00:00:00-04:00,363.52435909830035,369.72400586963084,363.40919991488346,369.4073181152344,78846300,0.0,0.0,0.0,SPY
2022-10-26 00:00:00-04:00,366.2402718239104,371.96006879080073,365.98116367700555,366.6241455078125,104087300,0.0,0.0,0.0,SPY
2022-10-27 00:00:00-04:00,367.63181702062286,369.4840286286004,364.0425236840353,364.6663513183594,81971800,0.0,0.0,0.0,SPY
2022-10-28 00:00:00-04:00,364.56077247986815,373.82185989016244,364.3784273678496,373.3420104980469,100302000,0.0,0.0,0.0,SPY
2022-10-31 00:00:00-04:00,370.8660660099493,372.7470677586442,369.7336282736311,370.64532470703125,96631300,0.0,0.0,0.0,SPY
2022-11-01 00:00:00-04:00,374.4169393508939,374.65686407361704,367.84299609074304,369.0234069824219,85407600,0.0,0.0,0.0,SPY
2022-11-02 00:00:00-04:00,368.42834666376416,372.9677323243542,359.6567152613069,359.76226806640625,126990400,0.0,0.0,0.0,SPY
2022-11-03 00:00:00-04:00,356.49940624202685,359.1193951845039,353.92741982452515,356.0579528808594,87100100,0.0,0.0,0.0,SPY
2022-11-04 00:00:00-04:00,361.8064460648948,363.60107812725107,355.0885544933981,361.1826477050781,103505200,0.0,0.0,0.0,SPY
2022-11-07 00:00:00-05:00,362.48788867533733,365.2326429509362,360.3957519560321,364.63763427734375,68286900,0.0,0.0,0.0,SPY
2022-11-08 00:00:00-05:00,365.75086483457835,369.59926712301353,362.4975005164182,366.6050109863281,84641100,0.0,0.0,0.0,SPY
2022-11-09 00:00:00-05:00,364.6183344707511,365.7795910307707,358.55303141802244,359.0520935058594,78495500,0.0,0.0,0.0,SPY
2022-11-10 00:00:00-05:00,372.4111244405357,379.119439271063,370.0982760012639,378.7835388183594,141455800,0.0,0.0,0.0,SPY
2022-11-11 00:00:00-05:00,379.64722123455886,383.25569787084635,377.7470071848302,382.4495544433594,93839900,0.0,0.0,0.0,SPY
2022-11-14 00:00:00-05:00,380.67411127388954,384.05224034438396,378.91784615297826,379.1961669921875,71903500,0.0,0.0,0.0,SPY
2022-11-15 00:00:00-05:00,384.9831611654966,386.09641526894217,378.5915637524993,382.43035888671875,93194500,0.0,0.0,0.0,SPY
2022-11-16 00:00:00-05:00,380.7892342352722,381.7489328980243,378.87944326845275,379.5128479003906,68508500,0.0,0.0,0.0,SPY
2022-11-17 00:00:00-05:00,374.72402390359406,379.0330918757376,374.41694251455505,378.3516845703125,74496300,0.0,0.0,0.0,SPY
2022-11-18 00:00:00-05:00,381.71062645898184,381.77781241020716,377.20005925659984,380.0695495605469,92922500,0.0,0.0,0.0,SPY
2022-11-21 00:00:00-05:00,378.73556354967485,379.8680011496598,376.8353493065511,378.68756103515625,51243200,0.0,0.0,0.0,SPY
2022-11-22 00:00:00-05:00,380.64542513454796,383.94679209028254,379.2250600482981,383.78363037109375,60429000,0.0,0.0,0.0,SPY
2022-11-23 00:00:00-05:00,383.4476660498886,386.6914528679306,383.2173476965977,386.2020263671875,68261600,0.0,0.0,0.0,SPY
2022-11-25 00:00:00-05:00,385.63578167146966,386.6722728457926,385.3574900880163,386.1156311035156,30545400,0.0,0.0,0.0,SPY
2022-11-28 00:00:00-05:00,383.00618078001384,384.65686384529596,379.18656911015523,379.954345703125,67881600,0.0,0.0,0.0,SPY
2022-11-29 00:00:00-05:00,380.08868855024457,381.2883120203409,377.4495169160327,379.3017578125,52310000,0.0,0.0,0.0,SPY
2022-11-30 00:00:00-05:00,379.5512692776583,391.25,377.6222946040747,391.25,144566700,0.0,0.0,0.0,SPY
2022-12-01 00:00:00-05:00,392.2961551195797,393.4765954494964,388.4381756297163,390.9621887207031,76398200,0.0,0.0,0.0,SPY
2022-12-02 00:00:00-05:00,386.03887754997197,391.4227742514983,385.93332473042165,390.5110778808594,85342700,0.0,0.0,0.0,SPY
2022-12-05 00:00:00-05:00,387.6703247610148,388.6108107991364,382.1232671148329,383.48602294921875,77289800,0.0,0.0,0.0,SPY
2022-12-06 00:00:00-05:00,383.32290239292064,383.8699084428757,375.8564470015134,377.9581604003906,77972200,0.0,0.0,0.0,SPY
2022-12-07 00:00:00-05:00,377.10405063834685,379.69524912594875,376.17314162633846,377.315185546875,65927900,0.0,0.0,0.0,SPY
2022-12-08 00:00:00-05:00,379.2153814073586,381.34588453457974,377.42072012771035,380.2710266113281,60737900,0.0,0.0,0.0,SPY
2022-12-09 00:00:00-05:00,379.02343183036066,381.59541748634786,377.30556284391224,377.4303283691406,81447700,0.0,0.0,0.0,SPY
2022-12-12 00:00:00-05:00,378.2268584712284,382.871826171875,377.55508692209327,382.871826171875,75405800,0.0,0.0,0.0,SPY
2022-12-13 00:00:00-05:00,393.6876258407521,393.9467339619536,382.98699054217207,385.7701110839844,123782500,0.0,0.0,0.0,SPY
2022-12-14 00:00:00-05:00,385.42463717389643,389.1578797205495,380.3382450356559,383.3037109375,108111300,0.0,0.0,0.0,SPY
2022-12-15 00:00:00-05:00,378.4092368505697,379.32096245389425,372.25759312511184,373.9274597167969,117705900,0.0,0.0,0.0,SPY
2022-12-16 00:00:00-05:00,371.35420164222893,372.70394364757385,367.362819610554,369.51275634765625,119858000,1.781,0.0,0.0,SPY
2022-12-19 00:00:00-05:00,369.7056321640907,370.04307506014413,364.7019209808815,366.37945556640625,79878100,0.0,0.0,0.0,SPY
2022-12-20 00:00:00-05:00,365.61785261496107,368.5101700109185,364.2873819052728,366.8808288574219,74427200,0.0,0.0,0.0,SPY
2022-12-21 00:00:00-05:00,369.4935616824767,373.5042454912828,368.9536647680389,372.3666076660156,78167400,0.0,0.0,0.0,SPY
2022-12-22 00:00:00-05:00,369.30076672514974,372.3473450111723,361.3179707582423,367.0544128417969,100120900,0.0,0.0,0.0,SPY
2022-12-23 00:00:00-05:00,366.02277702441427,369.3103814762374,364.4609302679499,369.165771484375,59857300,0.0,0.0,0.0,SPY
2022-12-27 00:00:00-05:00,369.0500515469252,369.39711549735404,366.0227453424897,367.7099304199219,51638200,0.0,0.0,0.0,SPY
2022-12-28 00:00:00-05:00,367.6424330641149,369.62851797947127,362.9086997184609,363.14007568359375,70911500,0.0,0.0,0.0,SPY
2022-12-29 00:00:00-05:00,366.0035167949572,370.55409768644154,365.4732409121963,369.6767578125,66970900,0.0,0.0,0.0,SPY
2022-12-30 00:00:00-05:00,366.9772442216599,368.847582397039,364.84654922905963,368.7029724121094,84022200,0.0,0.0,0.0,SPY
2023-01-03 00:00:00-05:00,370.57341286766535,372.5594688436382,364.26815148550025,367.1508483886719,74850700,0.0,0.0,0.0,SPY
2023-01-04 00:00:00-05:00,369.4260926275216,372.0291903329233,366.36024291915226,369.98529052734375,85934100,0.0,0.0,0.0,SPY
2023-01-05 00:00:00-05:00,368.0185165511888,368.13420455516945,365.1647712383457,365.76251220703125,76970500,0.0,0.0,0.0,SPY
2023-01-06 00:00:00-05:00,368.8765771177044,375.27825498629545,365.7914556163401,374.1502380371094,104189600,0.0,0.0,0.0,SPY
2023-01-09 00:00:00-05:00,376.35793349581024,379.56842191990927,373.7548657861261,373.9380187988281,73978100,0.0,0.0,0.0,SPY
2023-01-10 00:00:00-05:00,373.3499654843039,376.6279192710031,372.4051312224063,376.5604248046875,65358100,0.0,0.0,0.0,SPY
2023-01-11 00:00:00-05:00,378.15123318011456,381.40026505855445,377.3317373555937,381.3231201171875,68881100,0.0,0.0,0.0,SPY
2023-01-12 00:00:00-05:00,382.4318562863919,384.1865064616025,378.334406682949,382.71142578125,90157700,0.0,0.0,0.0,SPY
2023-01-13 00:00:00-05:00,379.4912957670716,384.77460580166553,379.2213473374017,384.1961364746094,63903900,0.0,0.0,0.0,SPY
2023-01-17 00:00:00-05:00,384.1768763659617,385.864061457069,382.8078332319927,383.4923400878906,62677300,0.0,0.0,0.0,SPY
2023-01-18 00:00:00-05:00,384.6878380857325,385.7579813271269,377.23529017482616,377.437744140625,99632300,0.0,0.0,0.0,SPY
2023-01-19 00:00:00-05:00,375.38419135399994,377.0424543796125,373.35959286713046,374.6900634765625,86958900,0.0,0.0,0.0,SPY
2023-01-20 00:00:00-05:00,376.0976964373685,381.8244875168139,374.4394332052365,381.67022705078125,91806400,0.0,0.0,0.0,SPY
2023-01-23 00:00:00-05:00,382.48006799669383,388.1972085363031,381.51596216179814,386.2497253417969,84178800,0.0,0.0,0.0,SPY
2023-01-24 00:00:00-05:00,384.56254777187587,386.751057468591,383.3670659279474,385.8351745605469,59524900,0.0,0.0,0.0,SPY
2023-01-25 00:00:00-05:00,381.73767698475314,386.31717921931676,379.4334501588249,385.979736328125,84800300,0.0,0.0,0.0,SPY
2023-01-26 00:00:00-05:00,388.659985548013,390.38574321123235,385.6712516090908,390.2218322753906,72287400,0.0,0.0,0.0,SPY
2023-01-27 00:00:00-05:00,389.1710163038419,393.50949313453924,388.9589118152317,391.1184997558594,68346200,0.0,0.0,0.0,SPY
2023-01-30 00:00:00-05:00,388.34181677031853,390.5881998318813,385.91228066935525,386.2111511230469,74202000,0.0,0.0,0.0,SPY
2023-01-31 00:00:00-05:00,386.73173790968514,391.9379029905027,386.3846445458055,391.88970947265625,86811800,0.0,0.0,0.0,SPY
2023-02-01 00:00:00-05:00,390.66536921253794,398.82172684731836,387.9080402797086,396.0547180175781,101459200,0.0,0.0,0.0,SPY
2023-02-02 00:00:00-05:00,399.9689416508841,403.2951186258931,398.0600308845101,401.8200378417969,101654500,0.0,0.0,0.0,SPY
2023-02-03 00:00:00-05:00,396.81625098527127,402.00314422095505,396.3341981480839,397.5489807128906,94736800,0.0,0.0,0.0,SPY
2023-02-06 00:00:00-05:00,395.0809027548212,396.5270613769811,393.4515616867472,395.11944580078125,60295300,0.0,0.0,0.0,SPY
2023-02-07 00:00:00-05:00,394.1938932483872,401.5403739822374,392.9405676059936,400.28704833984375,90990700,0.0,0.0,0.0,SPY
2023-02-08 00:00:00-05:00,398.3010271151718,399.6507693278752,395.2158768385581,395.9100341796875,76227500,0.0,0.0,0.0,SPY
2023-02-09 00:00:00-05:00,399.5350750065941,399.68933546019633,391.2437595140588,392.4778137207031,78694900,0.0,0.0,0.0,SPY
2023-02-10 00:00:00-05:00,391.29199514840457,393.77940477497185,390.4725286948175,393.3937683105469,70769700,0.0,0.0,0.0,SPY
2023-02-13 00:00:00-05:00,394.0492889026667,398.1467381902831,393.586507567613,398.0117492675781,64913500,0.0,0.0,0.0,SPY
2023-02-14 00:00:00-05:00,396.47890251317574,400.1521436533387,393.84691222566613,397.82867431640625,88389300,0.0,0.0,0.0,SPY
2023-02-15 00:00:00-05:00,395.62080529265984,399.197629431214,394.7723875146133,399.1205139160156,61555700,0.0,0.0,0.0,SPY
2023-02-16 00:00:00-05:00,394.1168254524312,398.0889367137734,393.49016255536645,393.6251220703125,76431500,0.0,0.0,0.0,SPY
2023-02-17 00:00:00-05:00,391.48475451721475,392.8827195379742,389.54689266329166,392.6416931152344,89257800,0.0,0.0,0.0,SPY
2023-02-21 00:00:00-05:00,388.59245455177944,389.65297674295755,384.5046556572443,384.76495361328125,82655900,0.0,0.0,0.0,SPY
2023-02-22 00:00:00-05:00,385.17954608304234,386.73177175063176,382.7692815363674,384.2347412109375,83742300,0.0,0.0,0.0,SPY
2023-02-23 00:00:00-05:00,387.14637597842557,387.7634178979946,382.0269758296,386.2786865234375,96242400,0.0,0.0,0.0,SPY
2023-02-24 00:00:00-05:00,381.22668844684927,382.99098893027565,379.5105814795048,382.1522216796875,108194400,0.0,0.0,0.0,SPY
2023-02-27 00:00:00-05:00,385.51699810542783,386.88604134601684,382.5089925877115,383.4538269042969,80444700,0.0,0.0,0.0,SPY
2023-02-28 00:00:00-05:00,382.97177442031335,384.9481796286304,381.93052363396237,382.0365905761719,96438600,0.0,0.0,0.0,SPY
2023-03-01 00:00:00-05:00,381.21713091376006,382.4511853324582,379.2599970445237,380.5711669921875,99706800,0.0,0.0,0.0,SPY
2023-03-02 00:00:00-05:00,378.5850168711314,384.3793015073579,378.2475739937861,383.5308837890625,85127800,0.0,0.0,0.0,SPY
2023-03-03 00:00:00-05:00,385.3627410015129,389.932622736836,384.7071560849435,389.68194580078125,90120000,0.0,0.0,0.0,SPY
2023-03-06 00:00:00-05:00,390.5111033197534,392.82498113774,389.50845431561646,389.9519348144531,72795900,0.0,0.0,0.0,SPY
2023-03-07 00:00:00-05:00,389.903700784494,390.1447272469827,383.35741382509144,383.97442626953125,108310600,0.0,0.0,0.0,SPY
2023-03-08 00:00:00-05:00,384.0901298311711,385.3627271463526,382.35472171054704,384.6011047363281,74746600,0.0,0.0,0.0,SPY
2023-03-09 00:00:00-05:00,385.3916582338548,387.0692223989096,376.5122517048481,377.5052795410156,111945300,0.0,0.0,0.0,SPY
2023-03-10 00:00:00-05:00,376.95571949761853,379.0478420414227,370.52515025100536,372.0580749511719,189253000,0.0,0.0,0.0,SPY
2023-03-13 00:00:00-04:00,368.1052678870879,376.3773129082454,366.9869015228723,371.52783203125,157790000,0.0,0.0,0.0,SPY
2023-03-14 00:00:00-04:00,376.4833591054805,379.3274833182981,373.15718193606165,377.6692199707031,149752400,0.0,0.0,0.0,SPY
2023-03-15 00:00:00-04:00,372.03885558434416,375.5096134331679,369.9370822727345,375.3071594238281,172996900,0.0,0.0,0.0,SPY
2023-03-16 00:00:00-04:00,372.93538568701246,382.23900010074755,372.4244108267978,381.89190673828125,143254200,0.0,0.0,0.0,SPY
2023-03-17 00:00:00-04:00,380.55256258745186,381.69454223042266,376.03299193559013,377.4266052246094,140553400,1.506,0.0,0.0,SPY
2023-03-20 00:00:00-04:00,378.21049490172476,381.471956270632,377.5040305133461,381.0557861328125,93055800,0.0,0.0,0.0,SPY
2023-03-21 00:00:00-04:00,384.44305057513634,386.5431578212749,382.8365233182741,386.05926513671875,91524200,0.0,0.0,0.0,SPY
2023-03-22 00:00:00-04:00,385.8850348388219,389.5238874035855,379.4395813380372,379.478271484375,111746600,0.0,0.0,0.0,SPY
2023-03-23 00:00:00-04:00,382.36228158334836,386.42699156093266,377.7749888209459,380.504150390625,119351300,0.0,0.0,0.0,SPY
2023-03-24 00:00:00-04:00,379.2170236959738,383.08816525620364,376.85562498147635,383.0010681152344,107682400,0.0,0.0,0.0,SPY
2023-03-27 00:00:00-04:00,385.2946884069106,386.0689343866717,382.8171603406036,383.7171936035156,74010400,0.0,0.0,0.0,SPY
2023-03-28 00:00:00-04:00,383.0204029687121,383.717209612336,381.0074224062795,382.85589599609375,62871700,0.0,0.0,0.0,SPY
2023-03-29 00:00:00-04:00,387.0463252919858,388.66253956005863,385.83659380028644,388.42059326171875,77497900,0.0,0.0,0.0,SPY
2023-03-30 00:00:00-04:00,391.07236720670556,391.3240008414437,388.81744040170287,390.6949462890625,69840000,0.0,0.0,0.0,SPY
